project_wocid;commit_sha1
pydata_pandas-datareader;258c7450fd333cd2b2b55477ad588d68b6e52c41
pydata_pandas-datareader;7d387d1eaa310c5cc39748e148eb73038129dc02
pydata_pandas-datareader;da3d785bd3db878fe351b15cdd4f0fd32b26ea1b
threeme3_qcx-ssb;1cf1ec90b16718b70dd5d779ad9d8d6f5dbb7c26
vcflib_vcflib;9e7265b6de51af702f1afb245e783d15afa15d26
mobleylab_blues;201bf9fa00af94783ce26a561c1ae9db5361ba3d
catboost_catboost;03fb1ee0f14ae00a125b56052dc6a84b58844ffc
catboost_catboost;073bd57ef53a5c16c447bd6570781a96735338b4
catboost_catboost;126269065f20f12e5aceb1e2299a165d6a584d9d
catboost_catboost;2903e0936f006c515cf874deb785fc15c370fabb
catboost_catboost;2afbc4964c217f866e29901bd9daa6c872009a6a
catboost_catboost;33d8a23824faa1bcabb387d0f865a690e94a5303
catboost_catboost;3e2d61d3d50235cd3473c295600c234a279e5281
catboost_catboost;43d726b8283784c0d2b486afa9d85585d1dd02ce
catboost_catboost;45b549b5df72e19b08a4d75c62dd587b10b05a4a
catboost_catboost;4f92ccd9e6c3d41cb553a81eae5121be80dd1d2b
catboost_catboost;5a78cd025aa69147dd3732de1eb30406dda6d9e7
catboost_catboost;65ea2e0fb27c5051b36b70c1dfaac05d7e70fa16
catboost_catboost;66855120f87a445e79fa3849d99b373759a648a5
catboost_catboost;84bc73ba92cc802c43c9a0ec61ee9e756bdccfcf
catboost_catboost;88e3e834fecd2587a5692f330a7f849b0218167a
catboost_catboost;987e4a913022245d31b07d77e7c8f4a1c1c4ac90
catboost_catboost;9eef730e5cc659a5687703116bfa29cd32cfabf2
catboost_catboost;a818821479723a52b56a81ddeb6404d24b5bf52e
catboost_catboost;bf8636bb27b3213719d0a93828b44b7967dfa4cb
catboost_catboost;bfa51a194b686075f7446af5501684ee22fbc1f0
catboost_catboost;c269e33c87c3d5a7d1a9015c84a0964f64a86fcf
catboost_catboost;d2672f3d92827a74a9bf9abb67b34bf424994db4
catboost_catboost;e78e7cda73f9791b77f6c4426e5aed133ecf6d51
catboost_catboost;f611158b4cf21dbfbca96f58fe1bd3182210a831
catboost_catboost;f8e99140cc37ad04c9cec25c403c6c853845227c
catboost_catboost;f9e4e7f50b89cf785975b5324a1cc23ff5d03cb3
