Project;AssignedRepository;ResolvedGitHubRepository;DefaultBranch;ReferenceDateUTC;WindowStartUTC;LastCommitAtOrBeforeReferenceUTC;HistoricalCommitSHA;Currentstatus;CommitURL;GitHubAPIQuery
juliamanifolds_manifolds.jl;JuliaManifolds/Manifolds.jl;JuliaManifolds/Manifolds.jl;master;2025-09-30;2025-04-01;2025-09-10T19:32:06+00:00;5f309f750c0538685a8eaa2c606c5fa8235c4127;Active;https://github.com/JuliaManifolds/Manifolds.jl/commit/5f309f750c0538685a8eaa2c606c5fa8235c4127;https://api.github.com/repos/JuliaManifolds/Manifolds.jl/commits?sha=master&until=2025-09-30T23%3A59%3A59Z&per_page=1
pydata_pandas-datareader;pydata/pandas-datareader;pydata/pandas-datareader;main;2025-09-30;2025-04-01;2025-09-24T18:22:08+00:00;1bb9a80d0204c4ecfd81d7722f1afc20c26f5217;Active;https://github.com/pydata/pandas-datareader/commit/1bb9a80d0204c4ecfd81d7722f1afc20c26f5217;https://api.github.com/repos/pydata/pandas-datareader/commits?sha=main&until=2025-09-30T23%3A59%3A59Z&per_page=1
shellphish_driller;shellphish/driller;shellphish/driller;master;2025-09-30;2025-04-01;2025-03-24T19:44:27+00:00;20a85b581269c22a832971800d460ffaab38800e;Inactive;https://github.com/shellphish/driller/commit/20a85b581269c22a832971800d460ffaab38800e;https://api.github.com/repos/shellphish/driller/commits?sha=master&until=2025-09-30T23%3A59%3A59Z&per_page=1
threeme3_qcx-ssb;threeme3/QCX-SSB;threeme3/usdx;master;2025-09-30;2025-04-01;2025-08-26T01:52:23+00:00;f49d227aff14ce9365f22f9f59e9d8a2b469711f;Active;https://github.com/threeme3/usdx/commit/f49d227aff14ce9365f22f9f59e9d8a2b469711f;https://api.github.com/repos/threeme3/usdx/commits?sha=master&until=2025-09-30T23%3A59%3A59Z&per_page=1
humanbrainproject_fairgraph;humanbrainproject/fairgraph;HumanBrainProject/fairgraph;master;2025-09-30;2025-04-01;2025-09-26T10:04:54+00:00;d75c6869e6b0f7df05108368b53dfe4985f2d249;Active;https://github.com/HumanBrainProject/fairgraph/commit/d75c6869e6b0f7df05108368b53dfe4985f2d249;https://api.github.com/repos/HumanBrainProject/fairgraph/commits?sha=master&until=2025-09-30T23%3A59%3A59Z&per_page=1
sancus-pma_sancus-core;sancus-pma/sancus-core;sancus-tee/sancus-core;master;2025-09-30;2025-04-01;2025-05-19T08:19:58+00:00;b6b53bb3c2c38b079d1c8210ab4940f0af77a6fb;Active;https://github.com/sancus-tee/sancus-core/commit/b6b53bb3c2c38b079d1c8210ab4940f0af77a6fb;https://api.github.com/repos/sancus-tee/sancus-core/commits?sha=master&until=2025-09-30T23%3A59%3A59Z&per_page=1
vcflib_vcflib;vcflib/vcflib;vcflib/vcflib;master;2025-09-30;2025-04-01;2025-07-06T07:55:54+00:00;885afe1abb9c7ec3e72696bd7dbf796e75e1daa8;Active;https://github.com/vcflib/vcflib/commit/885afe1abb9c7ec3e72696bd7dbf796e75e1daa8;https://api.github.com/repos/vcflib/vcflib/commits?sha=master&until=2025-09-30T23%3A59%3A59Z&per_page=1
mobleylab_blues;MobleyLab/blues;MobleyLab/blues;master;2025-09-30;2025-04-01;2021-01-22T02:24:57+00:00;d2ef364749d4cbd7554add3ee61a5e90588760e1;Inactive;https://github.com/MobleyLab/blues/commit/d2ef364749d4cbd7554add3ee61a5e90588760e1;https://api.github.com/repos/MobleyLab/blues/commits?sha=master&until=2025-09-30T23%3A59%3A59Z&per_page=1
vinecopulib_rvinecopulib;vinecopulib/rvinecopulib;vinecopulib/rvinecopulib;main;2025-09-30;2025-04-01;2025-06-13T13:04:03+00:00;ba50731322b859ae1e3b3cbbc4a447335b13e290;Active;https://github.com/vinecopulib/rvinecopulib/commit/ba50731322b859ae1e3b3cbbc4a447335b13e290;https://api.github.com/repos/vinecopulib/rvinecopulib/commits?sha=main&until=2025-09-30T23%3A59%3A59Z&per_page=1
catboost_catboost;catboost/catboost;catboost/catboost;master;2025-09-30;2025-04-01;2025-09-30T22:06:52+00:00;fb681a1720581c07f2e59bbfd6c37fef329a99c0;Active;https://github.com/catboost/catboost/commit/fb681a1720581c07f2e59bbfd6c37fef329a99c0;https://api.github.com/repos/catboost/catboost/commits?sha=master&until=2025-09-30T23%3A59%3A59Z&per_page=1
