Project;GitHubURL;DefaultBranch;Stars;Forks;LatestDefaultBranchCommit;LastCommitDateUTC;Source;ObservedOn
juliamanifolds_manifolds.jl;https://github.com/JuliaManifolds/Manifolds.jl;master;436;72;b1ded902e09d86c5398fe6ffdb945f0e7f15c52e;2026-09-30T11:06:58+00:00;"GitHub page manually checked; API snapshot retained for exact recorded values";2026-10-08
pydata_pandas-datareader;https://github.com/pydata/pandas-datareader;main;3272;693;9a3e2fe8c4e202bf9be6b4543fd1a06c3cdce7de;2026-07-21T08:27:57+00:00;"GitHub page manually checked; API used for exact counts rounded in UI";2026-10-08
shellphish_driller;https://github.com/shellphish/driller;master;984;163;20a85b581269c22a832971800d460ffaab38800e;2025-03-24T19:44:27+00:00;"GitHub page manually checked; API snapshot retained for exact recorded values";2026-10-08
threeme3_qcx-ssb;https://github.com/threeme3/usdx;master;861;263;f49d227aff14ce9365f22f9f59e9d8a2b469711f;2025-08-26T01:52:23+00:00;"GitHub page manually checked; API snapshot retained for exact recorded values";2026-10-08
humanbrainproject_fairgraph;https://github.com/HumanBrainProject/fairgraph;master;14;10;6e34dc65d9cf593d2370cdaa07a04d6f7d34be0c;2026-10-06T14:00:28+00:00;"GitHub page manually checked; API snapshot retained for exact recorded values";2026-10-08
sancus-pma_sancus-core;https://github.com/sancus-tee/sancus-core;master;24;15;b6b53bb3c2c38b079d1c8210ab4940f0af77a6fb;2025-05-19T08:19:58+00:00;"GitHub page manually checked; API snapshot retained for exact recorded values";2026-10-08
vcflib_vcflib;https://github.com/vcflib/vcflib;master;686;223;6f16fb86da8ddf490702772d954c66e88331ba37;2026-10-02T09:59:30+00:00;"GitHub page manually checked; API snapshot retained for exact recorded values";2026-10-08
mobleylab_blues;https://github.com/MobleyLab/blues;master;34;16;d2ef364749d4cbd7554add3ee61a5e90588760e1;2021-01-22T02:24:57+00:00;"GitHub page manually checked; API snapshot retained for exact recorded values";2026-10-08
vinecopulib_rvinecopulib;https://github.com/vinecopulib/rvinecopulib;main;40;11;2ac9d35c1bc25ba310f9e65f32579229b2dbcfd0;2026-09-18T14:32:39+00:00;"GitHub page manually checked; API snapshot retained for exact recorded values";2026-10-08
catboost_catboost;https://github.com/catboost/catboost;master;9133;1345;6c46a86a17b532e8eb77a9516286f62d5fdcbe2b;2026-10-07T19:18:23+00:00;"GitHub page manually checked; API used for exact counts rounded in UI";2026-10-08
