Month;#Commits
2014-12;9
2015-01;31
2015-02;0
2015-03;20
2015-04;10
2015-05;2
2015-06;2
2015-07;6
2015-08;47
2015-09;20
2015-10;21
2015-11;26
2015-12;43
2016-01;7
2016-02;24
2016-03;8
2016-04;12
2016-05;2
2016-06;5
2016-07;5
2016-08;6
2016-09;32
2016-10;9
2016-11;47
2016-12;38
2017-01;16
2017-02;3
2017-03;2
2017-04;7
2017-05;75
2017-06;9
2017-07;87
2017-08;9
2017-09;5
2017-10;30
2017-11;2
2017-12;8
2018-01;101
2018-02;34
2018-03;13
2018-04;48
2018-05;16
2018-06;15
2018-07;14
2018-08;30
2018-09;26
2018-10;14
2018-11;3
2018-12;11
2019-01;7
2019-02;9
2019-03;21
2019-04;3
2019-05;5
2019-06;5
2019-07;34
2019-08;19
2019-09;114
2019-10;34
2019-11;7
2019-12;9
2020-01;22
2020-02;16
2020-03;7
2020-04;27
2020-05;3
2020-06;9
2020-07;68
2020-08;19
2020-09;16
2020-10;4
2020-11;4
2020-12;10
2021-01;6
2021-02;19
2021-03;6
2021-04;5
2021-05;5
2021-06;6
2021-07;37
2021-08;12
2021-09;16
2021-10;0
2021-11;21
2021-12;5
2022-01;3
2022-02;0
2022-03;15
2022-04;0
2022-05;4
2022-06;0
2022-07;0
2022-08;2
2022-09;0
2022-10;16
2022-11;0
2022-12;4
2023-01;3
2023-02;0
2023-03;0
2023-04;0
2023-05;0
2023-06;8
2023-07;1
2023-08;2
2023-09;0
2023-10;33
2023-11;0
2023-12;0
2024-01;0
2024-02;2
2024-03;0
2024-04;0
2024-05;0
2024-06;0
2024-07;0
2024-08;5
2024-09;0
2024-10;0
2024-11;0
2024-12;0
2025-01;0
2025-02;0
2025-03;0
2025-04;26
2025-05;1
2025-06;3
2025-07;0
2025-08;0
2025-09;7
