project_wocid;commit_sha1;source;url;retrieved_on
pydata_pandas-datareader;1681182d2aad72e9d76fb0ef81ebcfec1ae8f9a2;GitHub git commit object;https://api.github.com/repos/pydata/pandas-datareader/git/commits/1681182d2aad72e9d76fb0ef81ebcfec1ae8f9a2;2026-10-08
pydata_pandas-datareader;1ab4723905c1ddf7c10d32939f327279a0e327c7;GitHub git commit object;https://api.github.com/repos/pydata/pandas-datareader/git/commits/1ab4723905c1ddf7c10d32939f327279a0e327c7;2026-10-08
pydata_pandas-datareader;1c5a144d4c3037f7f75f875ef4ea20e7c1a9efd8;GitHub git commit object;https://api.github.com/repos/pydata/pandas-datareader/git/commits/1c5a144d4c3037f7f75f875ef4ea20e7c1a9efd8;2026-10-08
pydata_pandas-datareader;292578a199ead3a3d63f7ccd8b396da62c42cb5c;GitHub git commit object;https://api.github.com/repos/pydata/pandas-datareader/git/commits/292578a199ead3a3d63f7ccd8b396da62c42cb5c;2026-10-08
pydata_pandas-datareader;717a6be2a09aca8110cbe727ea2330377ca08c79;GitHub git commit object;https://api.github.com/repos/pydata/pandas-datareader/git/commits/717a6be2a09aca8110cbe727ea2330377ca08c79;2026-10-08
threeme3_qcx-ssb;f7e0b2599b4806529e4dddcc6c14dfb9515ee8de;GitHub git commit object;https://api.github.com/repos/threeme3/usdx/git/commits/f7e0b2599b4806529e4dddcc6c14dfb9515ee8de;2026-10-08
vcflib_vcflib;558d19f6bbc018ea74d37db06e326168d7f87f1e;GitHub git commit object;https://api.github.com/repos/vcflib/vcflib/git/commits/558d19f6bbc018ea74d37db06e326168d7f87f1e;2026-10-08
vcflib_vcflib;a67ca73671cbb9ae4cf255fd424a2c730dc934f0;GitHub git commit object;https://api.github.com/repos/vcflib/vcflib/git/commits/a67ca73671cbb9ae4cf255fd424a2c730dc934f0;2026-10-08
vcflib_vcflib;ae46c1a86e57b1408ccdd343225856f8e9212d4d;GitHub git commit object;https://api.github.com/repos/vcflib/vcflib/git/commits/ae46c1a86e57b1408ccdd343225856f8e9212d4d;2026-10-08
vcflib_vcflib;b8d55dada1fb13d9f4ab5a0b896b682db07826a4;GitHub git commit object;https://api.github.com/repos/vcflib/vcflib/git/commits/b8d55dada1fb13d9f4ab5a0b896b682db07826a4;2026-10-08
mobleylab_blues;0e3fdd6a6dedbeec218e0f5af19d05496d7f82a9;GitHub git commit object;https://api.github.com/repos/MobleyLab/blues/git/commits/0e3fdd6a6dedbeec218e0f5af19d05496d7f82a9;2026-10-08
vinecopulib_rvinecopulib;72748558a3647c19289410c0abd1db49fa382055;GitHub git commit object;https://api.github.com/repos/vinecopulib/rvinecopulib/git/commits/72748558a3647c19289410c0abd1db49fa382055;2026-10-08
catboost_catboost;049e3e749d9ce0cd09a60c3356cffc7d8a33d7c7;GitHub git commit object;https://api.github.com/repos/catboost/catboost/git/commits/049e3e749d9ce0cd09a60c3356cffc7d8a33d7c7;2026-10-08
catboost_catboost;0ac8f8e4dbfa0c1c9f953e17a803895962ccec5b;GitHub git commit object;https://api.github.com/repos/catboost/catboost/git/commits/0ac8f8e4dbfa0c1c9f953e17a803895962ccec5b;2026-10-08
catboost_catboost;209c627c5005e08cc8d980496507caa525035aeb;GitHub git commit object;https://api.github.com/repos/catboost/catboost/git/commits/209c627c5005e08cc8d980496507caa525035aeb;2026-10-08
catboost_catboost;27cd6f4118373e67826322ef7b98f28f098ac19a;GitHub git commit object;https://api.github.com/repos/catboost/catboost/git/commits/27cd6f4118373e67826322ef7b98f28f098ac19a;2026-10-08
catboost_catboost;30bbc6e74642db279a7dd12199114a5dd671bab4;GitHub git commit object;https://api.github.com/repos/catboost/catboost/git/commits/30bbc6e74642db279a7dd12199114a5dd671bab4;2026-10-08
catboost_catboost;3297e076d5856d448471b56c0c646574fb779c62;GitHub git commit object;https://api.github.com/repos/catboost/catboost/git/commits/3297e076d5856d448471b56c0c646574fb779c62;2026-10-08
catboost_catboost;3c2dcff21708064dd49eb1f3fdbf0a12e6d0e687;GitHub git commit object;https://api.github.com/repos/catboost/catboost/git/commits/3c2dcff21708064dd49eb1f3fdbf0a12e6d0e687;2026-10-08
catboost_catboost;3fdbde2cca71ee35268162af86604b6b497ced04;GitHub git commit object;https://api.github.com/repos/catboost/catboost/git/commits/3fdbde2cca71ee35268162af86604b6b497ced04;2026-10-08
catboost_catboost;53a6d02016d20e5cfa5059dd99343909a3ea3527;GitHub git commit object;https://api.github.com/repos/catboost/catboost/git/commits/53a6d02016d20e5cfa5059dd99343909a3ea3527;2026-10-08
catboost_catboost;606b26a83df73274de425e79ccf24c3eb377223d;GitHub git commit object;https://api.github.com/repos/catboost/catboost/git/commits/606b26a83df73274de425e79ccf24c3eb377223d;2026-10-08
catboost_catboost;71f697135f0c097bb796facf164f7017bd9f74ca;GitHub git commit object;https://api.github.com/repos/catboost/catboost/git/commits/71f697135f0c097bb796facf164f7017bd9f74ca;2026-10-08
catboost_catboost;76337d42816c94ca50a1d5f5242d79d9e454db89;GitHub git commit object;https://api.github.com/repos/catboost/catboost/git/commits/76337d42816c94ca50a1d5f5242d79d9e454db89;2026-10-08
catboost_catboost;823fff767885a3cdd81404024a14155b562c729b;GitHub git commit object;https://api.github.com/repos/catboost/catboost/git/commits/823fff767885a3cdd81404024a14155b562c729b;2026-10-08
catboost_catboost;a92f8a506e25788f9141d470bd90213a7267a6ed;GitHub git commit object;https://api.github.com/repos/catboost/catboost/git/commits/a92f8a506e25788f9141d470bd90213a7267a6ed;2026-10-08
catboost_catboost;b3f184b89704c8fb17aec61b92d41ee60837b7e9;GitHub git commit object;https://api.github.com/repos/catboost/catboost/git/commits/b3f184b89704c8fb17aec61b92d41ee60837b7e9;2026-10-08
catboost_catboost;d2ddc88f9baf66216f387063418b8252babb872b;GitHub git commit object;https://api.github.com/repos/catboost/catboost/git/commits/d2ddc88f9baf66216f387063418b8252babb872b;2026-10-08
catboost_catboost;d552fee342a8eb7f128524fe874dfae6d61d8de2;GitHub git commit object;https://api.github.com/repos/catboost/catboost/git/commits/d552fee342a8eb7f128524fe874dfae6d61d8de2;2026-10-08
catboost_catboost;d6de64e0a02327d0e6ab43d52fa5dec0267719c5;GitHub git commit object;https://api.github.com/repos/catboost/catboost/git/commits/d6de64e0a02327d0e6ab43d52fa5dec0267719c5;2026-10-08
catboost_catboost;d86e2630b578bd1b2fcfa29956cc41a8103152bc;GitHub git commit object;https://api.github.com/repos/catboost/catboost/git/commits/d86e2630b578bd1b2fcfa29956cc41a8103152bc;2026-10-08
catboost_catboost;f507c1666de93dfd1974678377b4a9c421b5133a;GitHub git commit object;https://api.github.com/repos/catboost/catboost/git/commits/f507c1666de93dfd1974678377b4a9c421b5133a;2026-10-08
catboost_catboost;f6621edb2e1dd89bced72c6f86ba22e1f0c59d16;GitHub git commit object;https://api.github.com/repos/catboost/catboost/git/commits/f6621edb2e1dd89bced72c6f86ba22e1f0c59d16;2026-10-08
catboost_catboost;f94a3413df220779f3eaba6854c6ef5ae435839e;GitHub git commit object;https://api.github.com/repos/catboost/catboost/git/commits/f94a3413df220779f3eaba6854c6ef5ae435839e;2026-10-08
catboost_catboost;fa283b869d9ab32d5ae9e12590ae32f183fa3215;GitHub git commit object;https://api.github.com/repos/catboost/catboost/git/commits/fa283b869d9ab32d5ae9e12590ae32f183fa3215;2026-10-08
catboost_catboost;fcd6c71bd5c0414191607ae7f218cdbd0b5d0f12;GitHub git commit object;https://api.github.com/repos/catboost/catboost/git/commits/fcd6c71bd5c0414191607ae7f218cdbd0b5d0f12;2026-10-08
