Project;ncommits;nauthors;from;to;nstars;nforks;lastGHCommitDate;LongestGapStart;LongestGapEnd;LongestGapLength;NumCommitsAfterLastGap;ActivityPattern;NumberOfGapsInTimeline;BeforeThemes;AfterThemes;HypothesizedGapReason;HasRecovered;WhyRecovered;WhoRecovered;Currentstatus;RecentThemes;Notes;MissingCommitCount;GitHubRecoveredCommitCount;GitHubRepository;GitHubDefaultBranch;GitHubObservedOn;StatusAsOf2026_10_08;HistoricalLastCommitDateUTC;HistoricalLastCommitSHA;HistoricalReferenceDate;HistoricalEvidenceURL
juliamanifolds_manifolds.jl;8262;88;2019-06-05T18:27:27+00:00;2026-04-24T14:59:59+00:00;436;72;2026-09-30T11:06:58+00:00;N/A;N/A;0;0;declining;0;N/A;N/A;N/A active Project;N/A;N/A: no zero-commit month in the observed timeline.;N/A;Active;Dependency updates:Feature development;There are no zero-commit months in the observed history of Manifolds.jl. Activity is lower than its early 2020 peak, but recent commits show continued development and maintenance. The partial 2026 year should not be treated as a full-year total.;0;0;JuliaManifolds/Manifolds.jl;master;2026-10-08;Active;2025-09-10T19:32:06+00:00;5f309f750c0538685a8eaa2c606c5fa8235c4127;2025-09-30;https://github.com/JuliaManifolds/Manifolds.jl/commit/5f309f750c0538685a8eaa2c606c5fa8235c4127
pydata_pandas-datareader;1755;203;2014-12-06T19:46:57+00:00;2025-09-24T18:22:20+00:00;3272;693;2026-07-21T08:27:57+00:00;2024-09;2025-03;7;37;declining;4;Other:Bug fixes;Dependency updates:Bug fixes;Activity had become sparse, and the last pre-gap work included Yahoo-reader fixes and documentation. A maintenance lull seems likely, but the commits don't tell me why contributions stopped.;Yes;Starting April 2, 2025, commits addressed pandas 3 compatibility and then fixed dependency pins, installation, and CI. GitHub PR #1001 also shows that compatibility work being merged.;"Kevin Sheppard wrote all ten of the first post-gap commits sampled. The ten commits before the gap have other author labels; that shows who led the restart, not necessarily that Kevin was new.";Active;Documentation updates:Bug fixes;pandas-datareader had a seven-month gap after activity had already declined. It restarted with specific pandas compatibility and test/infrastructure fixes, led by Kevin Sheppard. The restart is well documented, but the reason for the pause isn't.;3;5;pydata/pandas-datareader;main;2026-10-08;Active;2025-09-24T18:22:08+00:00;1bb9a80d0204c4ecfd81d7722f1afc20c26f5217;2025-09-30;https://github.com/pydata/pandas-datareader/commit/1bb9a80d0204c4ecfd81d7722f1afc20c26f5217
shellphish_driller;568;35;2015-06-13T06:01:25+00:00;2025-03-24T19:44:27+00:00;984;163;2025-03-24T19:44:27+00:00;2022-05;2025-02;34;1;declining;7;Bug fixes:Dependency updates;Dependency updates:N/A;Commits had become isolated fixes even before the 34-month gap. A shift to occasional maintenance seems plausible, but I couldn't find a direct reason development slowed. Issue #94 shows that users still had problems during that time.;Partially: one maintenance commit;One commit on March 24, 2025, changes Driller to work with multiple angr versions. It ends the measured gap, but one update doesn't establish ongoing recovery.;Audrey Dutcher made that one post-gap commit and also appears in the pre-gap history. This looks like a returning contributor, not a new person taking over.;Inactive;Bug fixes:Dependency updates;Driller has a 34-month gap, the longest of these ten projects. One compatibility fix by a returning contributor ends it, but the data doesn't show sustained activity afterward. The reason for the earlier decline remains unknown.;0;0;shellphish/driller;master;2026-10-08;Inactive;2025-03-24T19:44:27+00:00;20a85b581269c22a832971800d460ffaab38800e;2025-09-30;https://github.com/shellphish/driller/commit/20a85b581269c22a832971800d460ffaab38800e
threeme3_qcx-ssb;460;20;2019-01-28T17:44:15+00:00;2025-10-31T21:10:28+00:00;861;263;2025-08-26T01:52:23+00:00;2022-11;2023-07;9;38;declining;6;Documentation updates:Bug fixes;Other:Bug fixes;The project was already down to sporadic documentation and compatibility changes after its earlier activity. Occasional hobby-project maintenance is plausible, but nothing I found clearly says why the nine-month pause happened.;Partially: intermittent collected-history activity;Two August 2023 commits update usdx.ino without explaining much. Later message edits and the I2C fix in PR #86 show more maintenance, but not why those first changes restarted.;"Davi Lopes Dos Santos wrote the first post-gap commits; threeme3 and sq5bpf appear later in that sample. The earlier sample has guido and other labels, but those labels alone aren't proof of different people.";Active;Other:Documentation updates;QCX-SSB's longest gap lasts nine months. It ends with two source edits that are hard to interpret, followed by occasional fixes. The repository rename to usdx and differing GitHub author/committer dates limit direct comparisons.;1;1;threeme3/usdx;master;2026-10-08;Inactive;2025-08-26T01:52:23+00:00;f49d227aff14ce9365f22f9f59e9d8a2b469711f;2025-09-30;https://github.com/threeme3/usdx/commit/f49d227aff14ce9365f22f9f59e9d8a2b469711f
humanbrainproject_fairgraph;1793;14;2018-03-22T15:47:20+00:00;2025-11-03T21:58:18+00:00;14;10;2026-10-06T14:00:28+00:00;2018-06;2018-08;3;1768;declining;1;Bug fixes:Feature development;Feature development:Bug fixes;The 0.1.0 release immediately precedes the three-month gap, so a pause between development stages is a reasonable guess. I couldn't find a statement from the maintainers confirming that explanation.;Yes;The September 2018 commits add a brain-simulation module and then make related model changes and fixes. That is real development work after the gap, not just an automated update.;Onur Ates wrote the first commits after the gap. Andrew Davison, who was active before it, contributed again afterward, and HFragnaud also appears in the post-gap sample.;Active;Documentation updates:Bug fixes;Fairgraph has one three-month gap after the 0.1.0 release. It resumes with simulation-module development and a mix of returning and different contributors. The release timing suggests a pause between stages, but the reason isn't confirmed.;0;0;HumanBrainProject/fairgraph;master;2026-10-08;Active;2025-09-26T10:04:54+00:00;d75c6869e6b0f7df05108368b53dfe4985f2d249;2025-09-30;https://github.com/HumanBrainProject/fairgraph/commit/d75c6869e6b0f7df05108368b53dfe4985f2d249
sancus-pma_sancus-core;459;18;2011-03-04T20:17:50+00:00;2025-05-19T08:19:58+00:00;24;15;2025-05-19T08:19:58+00:00;2023-06;2024-11;18;6;irregular;14;Other:Feature development;Security patches:Other;"The project had worked on DMA attacks and tests before the gap, and its history is already intermittent. I couldn't find evidence establishing why the 18-month pause happened; the older timing issue gives context, not an explanation for the silence.";Yes;The first returning commit changes the crypto state machine to make tag verification constant-time. PR #33 and issue #27 tie that work to an identified timing side channel.;Ruben Van Dijck led the post-gap security work, and Jo Van Bulck returned for CI maintenance. Jo also appears before the gap, so there was at least some contributor continuity.;Active;Security patches:Bug fixes;"Sancus-core has fourteen three-month-or-longer gaps, with the longest lasting 18 months. It resumed with a security fix supported by issue #27 and PR #33, but only six post-gap commits were available. The reason for returning is clear; the reason for the long pause isn't.";0;0;sancus-tee/sancus-core;master;2026-10-08;Inactive;2025-05-19T08:19:58+00:00;b6b53bb3c2c38b079d1c8210ab4940f0af77a6fb;2025-09-30;https://github.com/sancus-tee/sancus-core/commit/b6b53bb3c2c38b079d1c8210ab4940f0af77a6fb
vcflib_vcflib;1763;118;2010-09-22T23:26:17+00:00;2025-11-04T09:36:40+00:00;686;223;2026-10-02T09:59:30+00:00;2021-06;2021-12;7;654;irregular;3;Documentation updates:Bug fixes;Bug fixes:Dependency updates;The pre-gap commits were mostly installation, tests, and documentation work, so a maintenance lull is possible. There isn't enough evidence to say why no commits appeared from June through December 2021.;Yes;The January 2022 commits fix man-page installation, and PR #321 was merged. More dependency and bug fixes came afterward, so the restart shows continued development rather than one isolated change.;"Alexander Regueiro wrote the first post-gap fix. Pjotr Prins, who had been active before the gap, returned as well; Tim Massingham and Mathias Schmitt also appear afterward.";Active;Bug fixes:Feature development;vcflib's seven-month gap ends with a merged installation fix and additional maintenance work. Its large 2022 activity spike makes the timeline irregular. There is clear evidence of renewed work, but not a clear cause for the pause.;1;4;vcflib/vcflib;master;2026-10-08;Active;2025-07-06T07:55:54+00:00;885afe1abb9c7ec3e72696bd7dbf796e75e1daa8;2025-09-30;https://github.com/vcflib/vcflib/commit/885afe1abb9c7ec3e72696bd7dbf796e75e1daa8
mobleylab_blues;1658;45;2016-06-28T00:20:31+00:00;2025-10-15T20:00:56+00:00;34;16;2021-01-22T02:24:57+00:00;2022-08;2025-01;30;35;declining;2;Documentation updates:Other;Dependency updates:Other;The activity was already declining, and a 2022 RDKit contribution in PR #175 was still unmerged in the available GitHub record. Maintenance or integration may have slowed down, but I can't pin down the actual reason for the gap.;Partially: collected-history activity only;Commits in February and March 2025 add tests, replace deprecated simtk imports, and update CI. They show someone trying to maintain the code, but they don't show those changes reaching the GitHub default branch.;Steven Ayoub wrote the first ten post-gap commits in the sample. The pre-gap sample includes Yunhui Ge, sgill2, and Ke, so the people driving the sampled work changed.;Inactive;Documentation updates:Bug fixes;BLUES went 30 months without a recorded commit, then the collected history picked up with compatibility and testing changes. The GitHub default branch still ends in January 2021, though, so I wouldn't count this as a confirmed upstream recovery. The long pause could reflect declining maintenance or unmerged contributions, but its cause isn't clear.;1;1;MobleyLab/blues;master;2026-10-08;Inactive;2021-01-22T02:24:57+00:00;d2ef364749d4cbd7554add3ee61a5e90588760e1;2025-09-30;https://github.com/MobleyLab/blues/commit/d2ef364749d4cbd7554add3ee61a5e90588760e1
vinecopulib_rvinecopulib;1230;11;2017-03-30T18:54:11+00:00;2025-10-20T12:43:10+00:00;40;11;2026-09-18T14:32:39+00:00;2021-02;2021-05;4;286;U-shaped;4;Bug fixes:Release;Bug fixes:Documentation updates;Release and compatibility work preceded the gap, and PR #235 remained open across the same general period. That could reflect delayed integration, but it doesn't prove why the project was inactive.;Yes;PR #235 merged on June 8, 2021, with R 4.1 compatibility updates. Later commits handled bugs, numerical precision, and documentation, which supports continued maintenance.;Thomas Nagler and tnagler appear in the author records on both sides of the gap. The sampled history looks more like continuing contributions than a full maintainer change.;Active;Release:Bug fixes;rvinecopulib's activity drops after its early peak and rises again in 2024–2025, giving it a broadly U-shaped pattern. A four-month gap ends with a delayed R compatibility merge and more fixes. Contributor labels overlap before and after the pause, while its cause remains uncertain.;0;1;vinecopulib/rvinecopulib;main;2026-10-08;Active;2025-06-13T13:04:03+00:00;ba50731322b859ae1e3b3cbbc4a447335b13e290;2025-09-30;https://github.com/vinecopulib/rvinecopulib/commit/ba50731322b859ae1e3b3cbbc4a447335b13e290
catboost_catboost;51165;1552;2017-07-18T05:33:21+00:00;2025-11-08T18:22:21+00:00;9133;1345;2026-10-07T19:18:23+00:00;N/A;N/A;0;0;irregular;0;N/A;N/A;N/A active Project;N/A;N/A: no zero-commit month in the observed timeline.;N/A;Active;Dependency updates:Other;CatBoost has no zero-commit months in its observed timeline, but it has a major spike in 2023. The pattern is irregular, not steady. There is no inactivity gap to explain, and the unretrieved commits mean the recorded count may be incomplete.;26;24;catboost/catboost;master;2026-10-08;Active;2025-09-30T22:06:52+00:00;fb681a1720581c07f2e59bbfd6c37fef329a99c0;2025-09-30;https://github.com/catboost/catboost/commit/fb681a1720581c07f2e59bbfd6c37fef329a99c0
