netID,WoC,GH
gwright30,juliamanifolds_manifolds.jl,https://github.com/JuliaManifolds/Manifolds.jl
gwright30,pydata_pandas-datareader,https://github.com/pydata/pandas-datareader
gwright30,shellphish_driller,https://github.com/shellphish/driller
gwright30,threeme3_qcx-ssb,https://github.com/threeme3/QCX-SSB
gwright30,humanbrainproject_fairgraph,https://github.com/humanbrainproject/fairgraph
gwright30,sancus-pma_sancus-core,https://github.com/sancus-pma/sancus-core
gwright30,vcflib_vcflib,https://github.com/vcflib/vcflib
gwright30,mobleylab_blues,https://github.com/MobleyLab/blues
gwright30,vinecopulib_rvinecopulib,https://github.com/vinecopulib/rvinecopulib
gwright30,catboost_catboost,https://github.com/catboost/catboost
